{"train_losses": [4.955479975985853, 0.7042177554808164, 0.6711515227430745, 0.6713304094185955], "val_losses": [0.6340894722624829, 0.6294318641486921, 0.6159999605856443, 0.5989382180728411], "train_accs": [63.047068538398015, 70.08670520231213, 71.16019818331957, 71.05697770437655], "val_accs": [74.00990099009901, 73.51485148514851, 76.23762376237623, 75.33003300330033]}